Merchant,Category
Paid to Kumaravel Kumar,Food & Dining
Paid to KUMARAVEL P,Transfer
Paid to KUMARAVEL PANDIYAN KANAGARAJ,Transfer
Paid to Phasorz Technologies Private Limited,Transfer
Paid to Jothi Jo,Transfer
Paid to Kumaravel Kumar,Groceries
Paid to RAJESHWARI VARATHARAJ,Transfer
Paid to ANTHONIYAR KOVIL JUNCTION,Other
Paid to ARISTOTLE PLATO,Healthcare
Paid to Thalapathi Venkat,Transfer
Paid to SSV LAW ASSOCIATES,Other
Paid to Smart Q,Food & Dining
Paid to Smart Q,Food & Dining
Paid to Prakash Raji,Bills & Utilities
Paid to MYJIO,Bills & Utilities
Paid to THAMARAISELVI SRIDHAR,Transfer
Paid to Senthilkumar Pethiyan,Transfer
Paid to Sagupar Sathick M,Transfer
Paid to Smart Q,Food & Dining
Paid to SUPER SARAVANA STORES TEX CHROMPET,Entertainment
Paid to Prakash Raji,Bills & Utilities
Paid to Sagupar Sathick M,Transfer
Paid to SRI SENTHUR MURUGAN AGENC,Transportation
Paid to S PRAMMASAKTHI,Transfer
Paid to DILLIBAI K,Transfer
Paid to S PRAMMASAKTHI,Transfer
Paid to MANOJ,Transfer
Paid to RAJESHWARI VARATHARAJ,Transfer
Paid to Pasupathi 10,Transfer
Paid to Kotak FAS Tag,Transportation
Paid to SRI SENTHUR MURUGAN AGENC,Transportation
Paid to Adhinarayanan Kondal,Transfer
Paid to Sagupar Sathick M,Transfer
Paid to dr.gayathri kiruba,Transfer
Paid to GANDHI MEDICALS,Healthcare
Paid to SRI RAMDEV FANCY GIFT AND STATIONER,Entertainment
Paid to SRI RAMDEV FANCY GIFT AND STATIONER,Entertainment
Paid to G.elumalai Malai,Transfer
Paid to Sukumar Sukumar,Transfer
Paid to SURESH MURUGESAN,Transfer
Paid to Anthoniammal,Transfer
Paid to Sagupar Sathick M,Transfer
Paid to Sri Senthur Murugan Agenc,Transportation
Paid to S PRAMMASAKTHI,Transfer
Paid to THOMSON TYRES,Bills & Utilities
Paid to Jothiprakash,Transfer
Paid to karthi hdfc,Bills & Utilities
Paid to Prakash Raji,Bills & Utilities
Paid to Sujith Sujith,Bills & Utilities
Paid to Janaki Jagan,Transfer
Paid to SRI SENTHUR MURUGAN AGENC,Transportation
Paid to Prakash Raji,Bills & Utilities
Paid to Gajendiran Ramadoss,Transfer
Paid to Muthulakshmi Sakthinathar,Transfer
Paid to CUT COFFEE,Bills & Utilities
Paid to LAKSHMIPATHI KUPPURAO,Transfer
Paid to Sagupar Sathick M,Transfer
Paid to Sembaruthi Shikakai,Healthcare
Paid to Prakash Raji,Bills & Utilities
Paid to Sumithra Adhinarayanan,Transfer
Paid to BIRLA COSMETICS PRIVATE LIMITED,Healthcare
Paid to Kannan Krishnan,Transfer
Paid to VIJAYAKUMAR K,Transfer
Paid to Venkatesan Vengamalai,Transfer
Paid to SRI SENTHUR MURUGAN AGENC,Transportation
Paid to SUDHAKAR S,Bills & Utilities
Paid to VIJAYAKUMAR K,Transfer
Paid to Sagupar Sathick M,Transfer
Paid to SRI AARYA BHAVAN,Food & Dining
Paid to LAKSHMIPATHI KUPPURAO,Transfer
Paid to MOHANRAJ V,Transfer
Paid to SURESH MURUGESAN,Transfer
Paid to Adhinarayanan Kondal,Transfer
Paid to VALARMATHI,Transfer
Paid to MOHANRAJ V,Transfer
Paid to Selvi,Transfer
Paid to PASUMAI ANGADI,Transfer
Paid to Sukumar Sukumar,Transfer
Paid to Prakash Raji,Bills & Utilities
Paid to Adhinarayanan Kondal,Transfer
Paid to Suvarna R S,Transfer
Paid to SRI SENTHUR MURUGAN AGENC,Transportation
Paid to Sagupar Sathick M,Transfer
Paid to Prakash Raji,Transportation
Paid to Bal a,Transfer
Paid to SREE GURU MEDICALS,Healthcare
Paid to MOHAMED SADIQ S,Transfer
Paid to KARTHI KD,Transfer
Paid to RADHAKRISHNAN V,Transfer
Paid to GIJU P VIJAYAN,Transfer
Paid to Sadhasivaraj A,Transfer
Paid to utchimahali A,Transfer
Paid to AYYANAR FUELS,Transportation
Paid to LOURDES ENTERPRISES,Transfer
Paid to TIMEZONE ENTERTAINMENT PVT LTD,Entertainment
Paid to MADHA GREESHMA,Transfer
Paid to TIMEZONE ENTERTAINMENT PVT LTD,Entertainment
Paid to TIMEZONE ENTERTAINMENT PVT LTD,Entertainment
Paid to TIMEZONE ENTERTAINMENT PVT LTD,Entertainment
Paid to Taco Bell Marina Mall,Food & Dining
Paid to MAMAEARTH,Entertainment
Paid to Siva Siva,Transfer
Paid to OMNIWARE TECHNOLOGIES PRIVATE LIMITED UPI,Other
Paid to Shriram Thangapandian,Transfer
Paid to Suvarna R S,Transfer
Paid to S PRAMMASAKTHI,Transfer
Paid to G R THANGAMALIGAI JEWELLERS,Other
Paid to ROKESH S,Transfer
Paid to AMMAN VEGITABLES,Groceries
Paid to SRI SENTHUR MURUGAN AGENC,Transportation
Paid to Prakash Raji,Transportation
Paid to HEMALATHA C,Transfer
Paid to Saravanan,Transfer
Paid to NAVIN ELECTRICALS AND HARDWARES,Bills & Utilities
Paid to VINAYAGAM S,Transfer
Paid to S S SUPER SHOP,Groceries
Paid to AKAGENCIES,Transfer
Paid to Sagupar Sathick M,Transfer
Paid to Amarnath M,Transfer
Paid to Senthilkumar Pethiyan,Transfer
Paid to Sagupar Sathick M,Transfer
Paid to SRI SENTHUR MURUGAN AGENC,Transportation
Paid to Edelweiss Tokio Life Insurance Company Limited,Bills & Utilities
Paid to AMMAN VEGITABLES,Groceries
Paid to SSV LAW ASSOCIATES,Other
Paid to SAI RAM AQUARIUM,Food & Dining
Paid to PASUMAI ANGADI,Groceries
Paid to KUMARAVEL P,Groceries
Paid to G R THANGAMALIGAI JEWELLERS,Shopping
Paid to SSV LAW ASSOCIATES,Shopping
Paid to Life Style International Pvt Ltd,Shopping
Paid to AXIS BANK LIMITED,Shopping
Paid to SSV LAW ASSOCIATES,Shopping
Paid to DISTRICT Movies,Entertainment
Paid to MADURAI FAMOUS JIGARTHANDA,Food & Dining
Paid to AVENUE SUPERMARTS LTD,Groceries
Paid to AALADIPATTIYAN JP Nagar,Food & Dining
Paid to SUJITH V,Groceries
Paid to Lodha Honda,Other
Paid to raack Accounts,Entertainment
Paid to Lodha Honda,Other
Paid to NOOR CHICKEN CENTRE,Food & Dining
Paid to AMARAAVATHI SWEETS AND BAKERS,Food & Dining
Paid to M/S.MADRAS MACHAN'S,Food & Dining
Paid to Radha Krishnan Ring Shop,Shopping
Paid to Radha Krishnan Ring Shop,Shopping
Paid to NEW POWER SEAT COVERS,Other
Paid to TIRUNELVELI PAROTTA KADAI,Food & Dining
Paid to INTECH MOBILITY MARAIMALAI NAGAR PVT LTD,Transportation
Paid to SHRI SANGEETHAS UNIT 3,Food & Dining
Paid to Burma kadai,Food & Dining
Paid to PACR SETHURAMAMMAL CHARITY TRUST,Transportation
Paid to THE CHENNAI SILKS,Shopping
Paid to THE CHENNAI SILKS,Shopping
Paid to TVS MOBILITY PVT LTD,Transportation
Paid to backia palamuthir solal,Food & Dining
Paid to NEW BOMBAY SWEETS,Food & Dining
Paid to Bundl Technologies pvt Ltd,Food & Dining
Paid to SRI PERIYANDAVAR AGENCIES,Transportation
Paid to ZUDIO A UNIT OF TRENT LIMITED,Shopping
Paid to RATHNA STORES,Shopping
Paid to MANJAL,Food & Dining
Paid to CAKE SQUARE,Food & Dining
Paid to SAI COLLECTIONS,Shopping
Paid to S R K BIRIYANI CENTRE,Food & Dining
